{
  "wifi": {
    "sta": {
      "enable": false,
      "ssid": "wotap",
      "pass": "g3ma4ode",
      "ip": "",
      "netmask": "",
      "gw": ""
    },
    "ap": {
      "enable": true,
      "keep_enabled": true,
      "trigger_on_gpio": -1,
      "ssid": "wotnode_??????",
      "pass": "g3ma4ode",
      "hidden": false,
      "channel": 6,
      "max_connections": 10,
      "ip": "192.168.4.1",
      "netmask": "255.255.255.0",
      "gw": "192.168.4.1",
      "dhcp_start": "192.168.4.2",
      "dhcp_end": "192.168.4.100"
    }
  },
  "http": {
    "enable": true,
    "listen_addr": "80",
    "upload_acl": "*",
    "hidden_files": ""
  },
  "update": {
    "server_timeout": 10,
    "update_to_any_version" : true,
    "ssl_server_name": "",
    "ssl_ca_file": "",
    "ssl_client_cert_file": ""
  },
  "tls": {
    "ca_file": "ca.pem"
  },
  "clubby": {
    "connect_on_boot": false,
    "server_address": "api.mongoose-iot.com",
    "device_id": "dummy",
    "device_psk": "",
    "reconnect_timeout_min": 10,
    "reconnect_timeout_max": 60,
    "request_timeout": 300,
    "memory_limit": 15360,
    "max_queue_size": 25,
    "ssl_server_name": "",
    "ssl_ca_file": "",
    "ssl_client_cert_file": "",
    "verify_timeouts_period": 30,
    "uart": {
      "uart_no": 0,
      "baud_rate": 115200,
      "fc_enable": false
    }
  },
  "debug": {
    "level": 2,
    "stdout_uart": 0,
    "stderr_uart": 0,
    "enable_prompt": true,
    "factory_reset_gpio": -1
  },
  "sys": {
    "wdt_timeout" : 15
  },
  "console": {
    "mem_buf_size" : 256,
    "log_file": "console.log",
    "log_file_size": 2048,
    "send_to_cloud" : true
  },
  "conf_acl": "*"
}
