[
  ["wifi", "o", {"hide": true}],

  ["wifi.sta", "o", {"title": "WiFi Station"}],
  ["wifi.sta.enable", "b", {"title": "Connect to existing WiFi"}],
  ["wifi.sta.ssid", "s", {"title": "SSID"}],
  ["wifi.sta.pass", "s", {"title": "Password", "type": "password"}],
  ["wifi.sta.ip", "s", {"title": "Static IP Address"}],
  ["wifi.sta.netmask", "s", {"title": "Static Netmask"}],
  ["wifi.sta.gw", "s", {"title": "Static Default Gateway"}],

  ["wifi.ap", "o", {"title": "WiFi Access Point"}],
  ["wifi.ap.enable", "b", {"title": "Enable AP"}],
  ["wifi.ap.keep_enabled", "b", {"title": "Keep AP enabled when station is on"}],
  ["wifi.ap.trigger_on_gpio", "i", {"title": "Trigger AP on low GPIO"}],
  ["wifi.ap.ssid", "s", {"title": "SSID"}],
  ["wifi.ap.pass", "s", {"title": "Password"}],
  ["wifi.ap.hidden", "b", {"title": "Hide SSID"}],
  ["wifi.ap.channel", "i", {"title": "Channel"}],
  ["wifi.ap.max_connections", "i", {"title": "Max connections"}],
  ["wifi.ap.dhcp_start", "s", {"title": "DHCP Start Address"}],
  ["wifi.ap.dhcp_end", "s", {"title": "DHCP End Address"}],
  ["wifi.ap.ip", "s", {"title": "Access Point IP address"}],
  ["wifi.ap.netmask", "s", {"title": "DHCP Network Mask"}],
  ["wifi.ap.gw", "s", {"title": "Default Gateway"}],

  ["update", "o", {"title": "Firmware updater"}],
  ["update.server_timeout", "i", {"title" : "Server Timeout"}],
  ["update.ssl_server_name", "s", {"title" : "TLS Server Name"}],
  ["update.ssl_ca_file", "s", {"title" : "TLS CA file"}],
  ["update.ssl_client_cert_file", "s", {"title": "TLS client cert file"}],

  ["http", "o", {"title": "HTTP Server"}],
  ["http.listen_addr", "s", {"title": "Listening port / address"}],
  ["http.enable", "b", {"title": "Enable HTTP Server"}],
  ["http.upload_acl", "s", {"title": "Upload file ACL"}],
  ["http.hidden_files", "s", {"title": "Hidden file pattern"}],

  ["tls", "o", {"title": "TLS settings"}],
  ["tls.ca_file", "s", {"title" : "Default TLS CA file"}],

  ["clubby", "o", {"title": "Cloud settings"}],
  ["clubby.connect_on_boot", "b", {"title": "Connect cloud on startup"}],
  ["clubby.server_address", "s", {"title": "Cloud server address"}],
  ["clubby.device_id", "s", {"title": "Device ID"}],
  ["clubby.device_psk", "s", {"title": "Device password"}],
  ["clubby.reconnect_timeout_min", "i", {"title": "Minimal reconnect timeout"}],
  ["clubby.reconnect_timeout_max", "i", {"title": "Maximal reconnect timeout"}],
  ["clubby.memory_limit", "i", {"title": "Memory Limit"}],
  ["clubby.ssl_server_name", "s", {"title" : "TLS Server Name"}],
  ["clubby.ssl_ca_file", "s", {"title" : "TLS CA file"}],
  ["clubby.ssl_client_cert_file", "s", {"title": "TLS client cert file"}],
  ["console", "o", {"title": "Console settings"}],
  ["console.mem_buf_size", "i", {"title": "Memory buffer size"}],
  ["console.log_file", "s", {"title": "Log file name"}],
  ["console.log_file_size", "i", {"title": "Max log file size"}],
  ["console.send_to_cloud", "b", {"title": "Send console output to the cloud"}],
  ["debug", "o", {"title": "Debug Settings"}],
  ["debug.level", "i", {
    "title": "Level",
    "type": "select",
    "values": [
      {"value": -1, "title": "NONE"},
      {"value": 0, "title": "ERROR"},
      {"value": 1, "title": "WARN"},
      {"value": 2, "title": "INFO"},
      {"value": 3, "title": "DEBUG"},
      {"value": 4, "title": "VERBOSE_DEBUG"}
    ]
  }],
  ["debug.stdout_uart", "i", {"title": "STDOUT UART (-1 to disable)"}],
  ["debug.stderr_uart", "i", {"title": "STDERR UART (-1 to disable)"}],
  ["debug.enable_prompt", "b", {"title": "Enable interactive JavaScript prompt on UART0"}],
  ["debug.factory_reset_gpio", "i", {"title": "Factory reset GPIO (low on boot)"}],
  ["ro_vars", "o", {"title": "Sys.ro_vars", "read_only": true}],
  ["ro_vars.mac_address", "s", {"title": "MAC address", "read_only": true}],
  ["ro_vars.arch", "s", {"title": "Platform", "read_only": true}],
  ["ro_vars.fw_version", "s", {"title": "FW version", "read_only": true}],
  ["ro_vars.fw_timestamp", "s", {"title": "Build timestamp", "read_only": true}],
  ["ro_vars.fw_id", "s", {"title": "Build ID", "read_only": true}]
]
